{"cameraMode":{"drawMode":0,"name":"Shaded","section":"Shading Mode"},"sceneLighting":false,"audioPlay":false,"sceneViewState":{"showFog":true,"showMaterialUpdate":false,"showSkybox":false,"showFlares":true,"showImageEffects":true,"showParticleSystems":true},"in2DMode":false,"pivot":{"x":3.725290298461914e-9,"y":-0.0074824001640081409,"z":-7.450580596923828e-9},"rotation":{"x":0.002631525509059429,"y":-0.9925323724746704,"z":0.11999590694904328,"w":0.02176317386329174},"size":0.208318293094635,"orthographic":false}