{"cameraMode":{"drawMode":0,"name":"Shaded","section":"Shading Mode"},"sceneLighting":false,"audioPlay":false,"sceneViewState":{"showFog":true,"showMaterialUpdate":false,"showSkybox":false,"showFlares":true,"showImageEffects":true,"showParticleSystems":true},"in2DMode":false,"pivot":{"x":-2.9076852798461916,"y":-0.845014214515686,"z":-3.4731760025024416},"rotation":{"x":0.002631525509059429,"y":-0.9925323724746704,"z":0.11999590694904328,"w":0.02176317386329174},"size":0.4006979465484619,"orthographic":false}