{"cameraMode":{"drawMode":0,"name":"Shaded","section":"Shading Mode"},"sceneLighting":false,"audioPlay":false,"sceneViewState":{"showFog":true,"showMaterialUpdate":false,"showSkybox":false,"showFlares":true,"showImageEffects":true,"showParticleSystems":true},"in2DMode":false,"pivot":{"x":-0.006897889077663422,"y":0.06419382244348526,"z":-0.007922379299998284},"rotation":{"x":-0.046127498149871829,"y":-0.5545901656150818,"z":-0.030811378732323648,"w":0.8302727341651917},"size":0.3460043668746948,"orthographic":false}