{"cameraMode":{"drawMode":0,"name":"Shaded","section":"Shading Mode"},"sceneLighting":false,"audioPlay":false,"sceneViewState":{"showFog":true,"showMaterialUpdate":false,"showSkybox":false,"showFlares":true,"showImageEffects":true,"showParticleSystems":true},"in2DMode":false,"pivot":{"x":-0.5441499948501587,"y":0.4736802875995636,"z":-0.5425361394882202},"rotation":{"x":-0.2218882143497467,"y":-0.4854288399219513,"z":0.12887562811374665,"w":-0.8357724547386169},"size":0.35378390550613406,"orthographic":false}